{"cameraMode":{"drawMode":0,"name":"Shaded","section":"Shading Mode"},"sceneLighting":true,"audioPlay":false,"sceneViewState":{"showFog":true,"showMaterialUpdate":false,"showSkybox":true,"showFlares":true,"showImageEffects":true,"showParticleSystems":true},"in2DMode":false,"pivot":{"x":-0.746321439743042,"y":1.9771604537963868,"z":-9.593698501586914},"rotation":{"x":0.35253462195396426,"y":-0.015468450263142586,"z":0.005754176061600447,"w":0.935705304145813},"size":20.12544059753418,"orthographic":false}