{"cameraMode":{"drawMode":0,"name":"Shaded","section":"Shading Mode"},"sceneLighting":true,"audioPlay":false,"sceneViewState":{"showFog":true,"showMaterialUpdate":false,"showSkybox":true,"showFlares":true,"showImageEffects":true,"showParticleSystems":true},"in2DMode":false,"pivot":{"x":1.1741771697998047,"y":6.5814104080200199,"z":-15.715726852416993},"rotation":{"x":0.3525649607181549,"y":-0.00985603779554367,"z":0.0036307256668806078,"w":0.9357855916023254},"size":15.047208786010743,"orthographic":false}