{"cameraMode":{"drawMode":0,"name":"Shaded","section":"Shading Mode"},"sceneLighting":true,"audioPlay":false,"sceneViewState":{"showFog":true,"showMaterialUpdate":false,"showSkybox":true,"showFlares":true,"showImageEffects":true,"showParticleSystems":true},"in2DMode":false,"pivot":{"x":6.087094783782959,"y":4.1530303955078129,"z":-15.27890396118164},"rotation":{"x":0.4066649079322815,"y":-0.010994615033268929,"z":0.004818960092961788,"w":0.9135514497756958},"size":14.583205223083496,"orthographic":false}