{"cameraMode":{"drawMode":0,"name":"Shaded","section":"Shading Mode"},"sceneLighting":true,"audioPlay":false,"sceneViewState":{"showFog":true,"showMaterialUpdate":false,"showSkybox":true,"showFlares":true,"showImageEffects":true,"showParticleSystems":true},"in2DMode":false,"pivot":{"x":-4.409156799316406,"y":-0.04409027099609375,"z":0.3340672254562378},"rotation":{"x":0.2604026794433594,"y":0.6610438823699951,"z":-0.2639123797416687,"w":0.6523970365524292},"size":30.663755416870118,"orthographic":false}