{"cameraMode":{"drawMode":0,"name":"Shaded","section":"Shading Mode"},"sceneLighting":true,"audioPlay":false,"sceneViewState":{"showFog":true,"showMaterialUpdate":false,"showSkybox":true,"showFlares":true,"showImageEffects":true,"showParticleSystems":true},"in2DMode":false,"pivot":{"x":11.935654640197754,"y":2.201533317565918,"z":-12.632898330688477},"rotation":{"x":0.33000996708869936,"y":0.005648388061672449,"z":-0.0020145471207797529,"w":0.9439908862113953},"size":15.383193016052246,"orthographic":false}