{"cameraMode":{"drawMode":0,"name":"Shaded","section":"Shading Mode"},"sceneLighting":true,"audioPlay":false,"sceneViewState":{"showFog":true,"showMaterialUpdate":false,"showSkybox":true,"showFlares":true,"showImageEffects":true,"showParticleSystems":true},"in2DMode":false,"pivot":{"x":1.9449845552444459,"y":4.3243913650512699,"z":-9.612153053283692},"rotation":{"x":0.34410810470581057,"y":-0.014112776145339013,"z":0.005092541221529245,"w":0.9388646483421326},"size":18.826326370239259,"orthographic":false}